{
    "data": [ 
        {"Name": "Trading Name", "location": "4074 QLD", "name": "T.E.S.T.", "abn": "58725115040" }, 
        {"Name": "Entity Name (Historic)", "location": "3207 VIC", "name": "T.E.S.T. PTY. LTD.", "abn": "21006819692" },
        {"Name": "Trading Name", "location": "5118 SA", "name": "TESTCORP PTY. LTD.", "abn": "63158319414" },
        {"Name": "Business Name", "location": "2047 NSW", "name": "TESTS.COM PTY LTD", "abn": "21091552993" },
        {"Name": "Trading Name", "location": "4105 QLD", "name": "THE TESTING COMPANY", "abn": "35991756644" },
        {"Name": "Business Name", "location": "4165 QLD", "name": "The Testing Co", "abn": "30601871400" },
        {"Name": "Business Name", "location": "3002 VIC", "name": "OCTOBER TESTS", "abn": "33004055556" },
        {"Name": "Trading Name", "location": "3810 VIC", "name": "TAG TESTING", "abn": "76954076157" }
    ]
}